day,head circumference
8.890000000000000000e+02,4.998988629269534556e+01
2.090000000000000000e+02,4.273974526224351678e+01
1.838000000000000000e+03,5.093172234409470889e+01
7.880000000000000000e+02,5.013441050893928974e+01
5.320000000000000000e+02,4.867098730633254888e+01
5.100000000000000000e+02,4.715780828340314201e+01
9.290000000000000000e+02,4.798311492204133089e+01
3.530000000000000000e+02,4.444337128379405044e+01
1.838000000000000000e+03,5.317775419429595729e+01
1.820000000000000000e+02,4.392351131337363057e+01
6.800000000000000000e+02,4.858137560248083275e+01
1.156000000000000000e+03,4.805750608950287273e+01
1.556000000000000000e+03,4.965973661080770540e+01
2.000000000000000000e+00,3.266567400813389099e+01
1.300000000000000000e+02,4.177208128902833550e+01
4.670000000000000000e+02,4.485342402330579858e+01
1.627000000000000000e+03,5.126233369340138779e+01
1.809000000000000000e+03,5.038335248054514182e+01
8.350000000000000000e+02,4.763702024994751127e+01
1.441000000000000000e+03,4.875490645311842997e+01
5.070000000000000000e+02,4.658048747405266710e+01
1.067000000000000000e+03,4.606982685870395500e+01
1.849000000000000000e+03,4.975694334004493413e+01
4.880000000000000000e+02,4.539576332393913560e+01
6.700000000000000000e+02,4.761939510634637429e+01
1.648000000000000000e+03,4.935845016119542095e+01
5.540000000000000000e+02,4.811651877645126518e+01
1.352000000000000000e+03,4.979383514034607572e+01
9.590000000000000000e+02,4.849899676034788598e+01
8.620000000000000000e+02,4.918454018612777645e+01
2.190000000000000000e+02,4.342722355303830994e+01
6.720000000000000000e+02,4.745064946177750898e+01
7.080000000000000000e+02,5.000776431679516065e+01
1.514000000000000000e+03,5.012064823461919616e+01
1.393000000000000000e+03,5.003017328566846800e+01
3.460000000000000000e+02,4.350767342227639034e+01
3.500000000000000000e+02,4.799166470179093125e+01
9.770000000000000000e+02,4.852320663252018562e+01
1.646000000000000000e+03,5.341670862875384529e+01
1.785000000000000000e+03,5.252821945419131566e+01
4.300000000000000000e+01,3.644267738310515625e+01
1.000000000000000000e+02,4.103530583990179537e+01
1.090000000000000000e+03,5.046627253977329985e+01
5.600000000000000000e+01,3.970692572239816087e+01
7.550000000000000000e+02,4.757284590261805590e+01
6.290000000000000000e+02,4.696387263543929436e+01
5.150000000000000000e+02,4.704325368671066343e+01
1.660000000000000000e+03,5.100361604311068930e+01
3.360000000000000000e+02,4.553861390954140376e+01
1.504000000000000000e+03,5.026199592249602688e+01
1.764000000000000000e+03,4.970764644962648049e+01
1.687000000000000000e+03,5.238762832273935999e+01
5.500000000000000000e+02,4.625350736781273042e+01
1.219000000000000000e+03,4.947509631724928880e+01
5.500000000000000000e+01,4.115488979737131103e+01
1.524000000000000000e+03,5.007281198296703195e+01
2.780000000000000000e+02,4.609478997269987133e+01
1.039000000000000000e+03,5.066299858187193195e+01
1.085000000000000000e+03,4.971513848807769875e+01
7.080000000000000000e+02,4.706126377925697568e+01
1.610000000000000000e+03,5.150974713591866561e+01
7.920000000000000000e+02,4.608192465805480253e+01
1.626000000000000000e+03,5.006611751844939562e+01
1.390000000000000000e+03,4.985743047285385643e+01
7.660000000000000000e+02,4.788196270810144028e+01
1.767000000000000000e+03,5.076666664471343893e+01
1.629000000000000000e+03,5.032046064721657075e+01
7.020000000000000000e+02,4.816465735815958737e+01
1.817000000000000000e+03,4.937539193695691608e+01
8.550000000000000000e+02,4.940522183530765687e+01
1.794000000000000000e+03,5.004517097250159452e+01
1.150000000000000000e+03,4.963944728360472425e+01
5.030000000000000000e+02,4.683763891535404866e+01
1.037000000000000000e+03,4.810579114108009691e+01
3.200000000000000000e+01,3.802326979387498795e+01
1.473000000000000000e+03,5.441625982772140446e+01
7.860000000000000000e+02,5.072104344372755236e+01
1.665000000000000000e+03,5.105814864094475070e+01
7.050000000000000000e+02,5.032285417075023304e+01
8.000000000000000000e+01,4.102626273634659526e+01
1.486000000000000000e+03,5.246755391787232981e+01
8.750000000000000000e+02,4.729750029745878237e+01
1.304000000000000000e+03,4.870975821630300828e+01
1.229000000000000000e+03,5.065071684045251033e+01
1.580000000000000000e+03,5.153149982347819247e+01
1.176000000000000000e+03,4.852815587210437798e+01
1.773000000000000000e+03,4.965153217835236177e+01
5.790000000000000000e+02,4.690774899293612066e+01
4.790000000000000000e+02,4.802350203308087373e+01
1.243000000000000000e+03,5.108978199116927499e+01
4.020000000000000000e+02,4.915181608193312002e+01
9.290000000000000000e+02,4.961604294569117712e+01
5.260000000000000000e+02,4.593890528242442173e+01
3.540000000000000000e+02,4.450206158824823177e+01
1.674000000000000000e+03,5.035454181600567125e+01
6.820000000000000000e+02,4.957810144858905232e+01
1.743000000000000000e+03,5.105450161971816669e+01
1.010000000000000000e+02,3.913695314896111910e+01
3.550000000000000000e+02,4.807351347543831110e+01
1.078000000000000000e+03,5.091119309956557260e+01
1.614000000000000000e+03,5.230402922557498613e+01
2.230000000000000000e+02,4.400768004166439340e+01
1.268000000000000000e+03,4.794601748128182805e+01
1.806000000000000000e+03,5.082439065705636239e+01
6.280000000000000000e+02,4.902812536713152980e+01
9.400000000000000000e+02,4.941589405722785244e+01
2.140000000000000000e+02,4.338521019672420920e+01
1.825000000000000000e+03,5.235094295345571425e+01
1.640000000000000000e+03,4.990759511399725312e+01
1.405000000000000000e+03,5.151750451392973673e+01
1.831000000000000000e+03,4.720195351957970331e+01
2.700000000000000000e+01,3.950539500365287893e+01
1.300000000000000000e+03,4.931502353861030485e+01
5.850000000000000000e+02,4.836116049225133651e+01
9.290000000000000000e+02,4.679081023126742167e+01
7.540000000000000000e+02,4.763849967429450771e+01
8.430000000000000000e+02,4.871400817079232581e+01
3.040000000000000000e+02,4.434109598724249679e+01
6.790000000000000000e+02,4.736811865228030882e+01
1.498000000000000000e+03,5.257134069986678071e+01
1.334000000000000000e+03,5.006069581563008342e+01
1.489000000000000000e+03,5.126335615691233016e+01
5.990000000000000000e+02,4.619322334558951582e+01
7.630000000000000000e+02,4.608602761262412884e+01
1.920000000000000000e+02,4.241165452028414506e+01
1.651000000000000000e+03,5.056779891541643934e+01
1.150000000000000000e+02,3.930674303223032240e+01
2.870000000000000000e+02,4.466267674823534861e+01
1.455000000000000000e+03,4.911813644845310023e+01
1.174000000000000000e+03,5.029401373949844611e+01
1.471000000000000000e+03,4.989793913273386750e+01
1.272000000000000000e+03,5.007994257428158846e+01
1.329000000000000000e+03,5.001150696368243587e+01
8.560000000000000000e+02,5.031094464417751055e+01
1.791000000000000000e+03,5.110331175375934976e+01
6.140000000000000000e+02,4.958162357332111725e+01
1.569000000000000000e+03,4.907636534024891262e+01
8.440000000000000000e+02,4.856297208028977508e+01
1.618000000000000000e+03,5.000590004373824371e+01
1.135000000000000000e+03,4.951175554422397340e+01
1.848000000000000000e+03,5.141344876129341657e+01
1.697000000000000000e+03,5.230764201227450627e+01
1.510000000000000000e+03,5.411841426174490977e+01
1.357000000000000000e+03,4.997154747004547204e+01
1.571000000000000000e+03,5.330153400234446792e+01
1.419000000000000000e+03,4.919784669074531536e+01
1.001000000000000000e+03,4.878023766022489127e+01
1.430000000000000000e+02,4.092521432930693948e+01
1.279000000000000000e+03,5.186105130169112698e+01
5.650000000000000000e+02,4.507273998264358994e+01
1.004000000000000000e+03,5.070327647996892040e+01
4.810000000000000000e+02,4.580883329566675144e+01
1.789000000000000000e+03,4.989053727506555447e+01
2.000000000000000000e+01,3.666920140320144128e+01
1.851000000000000000e+03,4.971970090905006145e+01
3.870000000000000000e+02,4.491670649108321811e+01
1.723000000000000000e+03,5.069551973939319822e+01
1.035000000000000000e+03,5.238063211658235474e+01
5.900000000000000000e+02,4.586213261137088892e+01
3.700000000000000000e+02,4.848602598841350186e+01
1.219000000000000000e+03,5.155519198436970640e+01
7.710000000000000000e+02,4.765636634570817876e+01
9.430000000000000000e+02,4.866534930868423459e+01
1.793000000000000000e+03,5.284726113214030363e+01
1.472000000000000000e+03,5.217618080073049924e+01
1.287000000000000000e+03,4.722583167988074138e+01
1.250000000000000000e+03,4.980357900393319426e+01
5.410000000000000000e+02,4.735745682869940509e+01
1.704000000000000000e+03,4.971298909002506861e+01
1.058000000000000000e+03,5.019423153974896934e+01
1.384000000000000000e+03,4.881387058406328805e+01
1.068000000000000000e+03,4.663680740505347444e+01
8.670000000000000000e+02,4.614663930729626173e+01
1.131000000000000000e+03,4.845797521525387452e+01
1.440000000000000000e+03,5.194792832491926049e+01
1.092000000000000000e+03,5.064451465639731254e+01
1.824000000000000000e+03,4.904934454641878006e+01
1.274000000000000000e+03,4.986359106261165408e+01
1.117000000000000000e+03,5.113998719398214376e+01
1.743000000000000000e+03,5.398184106744082555e+01
2.400000000000000000e+02,4.513694628016516930e+01
1.137000000000000000e+03,4.747005248206940564e+01
4.320000000000000000e+02,4.265531604924299813e+01
8.410000000000000000e+02,4.615245120348624397e+01
1.491000000000000000e+03,5.261688442578146407e+01
3.090000000000000000e+02,4.523859449598452898e+01
9.870000000000000000e+02,4.857174880187382371e+01
8.630000000000000000e+02,4.935353021205954605e+01
1.130000000000000000e+03,5.036406374995839741e+01
1.470000000000000000e+02,4.156284291713783574e+01
1.757000000000000000e+03,4.758590076771504584e+01
2.170000000000000000e+02,4.356449888589004615e+01
8.030000000000000000e+02,4.759674276666535775e+01
5.680000000000000000e+02,4.784234003449530803e+01
1.552000000000000000e+03,4.864696595922673339e+01
2.990000000000000000e+02,4.607011219771727184e+01
1.679000000000000000e+03,4.927790938665124543e+01
1.856000000000000000e+03,4.992705160571107115e+01
5.740000000000000000e+02,4.736972649675452374e+01
8.060000000000000000e+02,4.710262830018215396e+01
1.720000000000000000e+03,4.886284876685193979e+01
1.102000000000000000e+03,4.923655663676456840e+01
9.980000000000000000e+02,4.980707695014486802e+01
6.310000000000000000e+02,4.609531464196837902e+01
4.420000000000000000e+02,4.426953740151109429e+01
4.120000000000000000e+02,4.659491607493010434e+01
1.633000000000000000e+03,4.976100218476454984e+01
7.170000000000000000e+02,4.716179822891091789e+01
5.080000000000000000e+02,4.800816473544835361e+01
6.110000000000000000e+02,4.676198530155410538e+01
2.090000000000000000e+02,4.259681744212510779e+01
6.640000000000000000e+02,4.811281643979859979e+01
1.637000000000000000e+03,5.257484513247543134e+01
9.550000000000000000e+02,4.711284736840763543e+01
2.560000000000000000e+02,4.590422878890223757e+01
1.730000000000000000e+02,4.357883714805758046e+01
1.399000000000000000e+03,5.123371375358073720e+01
1.930000000000000000e+02,4.405807750094682262e+01
5.670000000000000000e+02,4.835574493163871068e+01
8.410000000000000000e+02,4.928330762772558415e+01
8.060000000000000000e+02,4.800544083382337845e+01
1.789000000000000000e+03,5.162737984172832739e+01
6.820000000000000000e+02,4.694822923148544902e+01
1.673000000000000000e+03,4.983629040200302285e+01
1.832000000000000000e+03,5.255209755443610220e+01
6.220000000000000000e+02,4.638280154388285581e+01
1.950000000000000000e+02,4.488030902289005297e+01
2.280000000000000000e+02,4.158332490220608690e+01
1.519000000000000000e+03,4.797111215916060445e+01
1.100000000000000000e+03,4.944957857322003036e+01
1.472000000000000000e+03,5.200071936688158303e+01
7.940000000000000000e+02,4.708723490339288986e+01
1.789000000000000000e+03,4.971336048242427097e+01
3.300000000000000000e+01,3.890401171182785589e+01
1.220000000000000000e+03,4.934737073615030312e+01
1.729000000000000000e+03,5.027520884989591821e+01
1.856000000000000000e+03,4.939531631100118148e+01
3.060000000000000000e+02,4.406950003732332988e+01
8.490000000000000000e+02,4.928063610375817660e+01
1.571000000000000000e+03,5.148056006443764687e+01
4.240000000000000000e+02,4.705320903193237569e+01
5.220000000000000000e+02,4.749469872150056915e+01
1.282000000000000000e+03,4.759707983923787822e+01
1.800000000000000000e+03,4.958518399884551542e+01
6.470000000000000000e+02,4.754559235923228755e+01
8.310000000000000000e+02,4.745028615513042780e+01
1.396000000000000000e+03,5.003454613567904374e+01
1.335000000000000000e+03,5.109511938439933942e+01
5.740000000000000000e+02,4.725781432114457914e+01
1.295000000000000000e+03,4.902222596644360664e+01
5.100000000000000000e+02,4.760462618177538019e+01
3.600000000000000000e+02,4.656320954784218458e+01
6.140000000000000000e+02,4.699835302428096639e+01
6.150000000000000000e+02,4.863792562961062771e+01
6.370000000000000000e+02,4.801401404073831003e+01
7.370000000000000000e+02,4.726589608926209962e+01
1.175000000000000000e+03,5.025405184849294216e+01
1.412000000000000000e+03,4.977699624584410287e+01
1.260000000000000000e+02,4.201524028186299375e+01
5.280000000000000000e+02,4.592661448346713371e+01
1.801000000000000000e+03,5.185183795371371218e+01
1.290000000000000000e+03,5.207734667550404595e+01
8.130000000000000000e+02,4.940265326547896763e+01
6.160000000000000000e+02,4.749462073669754147e+01
7.700000000000000000e+01,4.145980139692264999e+01
1.204000000000000000e+03,4.906920984394947993e+01
1.786000000000000000e+03,5.002008547691615803e+01
7.950000000000000000e+02,4.541948529523197209e+01
2.160000000000000000e+02,4.506008138971551347e+01
4.300000000000000000e+01,3.711403100207003547e+01
2.480000000000000000e+02,4.320225443605723115e+01
1.427000000000000000e+03,5.073696185797398073e+01
1.794000000000000000e+03,5.133048954627582106e+01
5.900000000000000000e+02,4.546137972798218385e+01
2.850000000000000000e+02,4.482550233427787134e+01
1.837000000000000000e+03,4.633912148559383581e+01
7.900000000000000000e+01,4.093804807695074999e+01
1.224000000000000000e+03,4.910933420426017904e+01
1.534000000000000000e+03,5.208717780064556280e+01
9.150000000000000000e+02,4.997083460079556971e+01
3.800000000000000000e+02,4.657350370526816619e+01
2.590000000000000000e+02,4.642605866501773448e+01
1.494000000000000000e+03,5.009635785462593560e+01
5.450000000000000000e+02,4.781272225012425281e+01
1.520000000000000000e+02,4.291317807643750371e+01
2.520000000000000000e+02,4.480183917629603485e+01
9.000000000000000000e+02,5.007262630662513914e+01
6.270000000000000000e+02,4.829159837636363051e+01
1.625000000000000000e+03,5.000980526987127917e+01
1.673000000000000000e+03,4.986550812631028862e+01
9.440000000000000000e+02,4.841091454201914246e+01
2.380000000000000000e+02,4.456684722662311771e+01
1.040000000000000000e+02,4.051876171038664154e+01
1.486000000000000000e+03,5.166361511982394461e+01
6.780000000000000000e+02,4.741935109873085707e+01
5.210000000000000000e+02,4.688009918770947593e+01
8.750000000000000000e+02,4.853409365489607552e+01
1.803000000000000000e+03,5.267366325689234685e+01
1.005000000000000000e+03,4.912393398030544489e+01
1.279000000000000000e+03,4.934024220781246584e+01
4.350000000000000000e+02,4.669755915952936220e+01
4.800000000000000000e+01,4.067170569111235068e+01
1.437000000000000000e+03,4.897958546395405932e+01
8.820000000000000000e+02,4.899467075340708533e+01
5.330000000000000000e+02,4.680582733677862706e+01
1.748000000000000000e+03,5.159138348978227384e+01
1.014000000000000000e+03,5.065115397610978221e+01
1.294000000000000000e+03,4.909358193183156516e+01
7.680000000000000000e+02,5.013695674883114606e+01
1.580000000000000000e+03,5.126718671227450841e+01
1.515000000000000000e+03,5.082614598130363959e+01
1.090000000000000000e+02,4.075637442895617824e+01
3.720000000000000000e+02,4.500151841119343032e+01
1.120000000000000000e+03,4.992037976347342010e+01
5.720000000000000000e+02,4.510726821459000746e+01
1.300000000000000000e+02,4.107822682324405861e+01
9.290000000000000000e+02,4.912927911179348683e+01
5.570000000000000000e+02,4.798373412269815930e+01
1.775000000000000000e+03,5.298579707176165243e+01
1.177000000000000000e+03,4.841015922001359684e+01
1.769000000000000000e+03,5.063926808772917809e+01
1.282000000000000000e+03,5.120656810851003371e+01
1.300000000000000000e+02,4.128548354348958327e+01
1.116000000000000000e+03,4.892861013610472298e+01
3.670000000000000000e+02,4.588447233172431794e+01
1.257000000000000000e+03,4.933457725677909167e+01
1.073000000000000000e+03,5.076481317897595602e+01
5.130000000000000000e+02,4.652654665896243813e+01
4.840000000000000000e+02,4.570398496775057140e+01
8.280000000000000000e+02,5.235765017924556730e+01
2.890000000000000000e+02,4.305403971988832268e+01
7.280000000000000000e+02,4.828582237824296186e+01
1.362000000000000000e+03,5.238639267635910812e+01
1.385000000000000000e+03,4.769266310376847429e+01
7.690000000000000000e+02,4.713958803329771996e+01
1.367000000000000000e+03,4.952939215410346208e+01
1.556000000000000000e+03,5.191164010271250362e+01
1.133000000000000000e+03,4.858306316710541495e+01
1.455000000000000000e+03,5.240711986427721314e+01
7.580000000000000000e+02,4.762764698891995607e+01
1.650000000000000000e+02,4.060664325622482096e+01
4.690000000000000000e+02,4.963615395386846529e+01
1.656000000000000000e+03,4.986693667361108595e+01
7.090000000000000000e+02,4.800911906647724692e+01
7.880000000000000000e+02,4.892558587565221018e+01
3.710000000000000000e+02,4.661840656594661425e+01
1.557000000000000000e+03,4.923892881058834803e+01
1.430000000000000000e+02,4.082738931888770395e+01
1.030000000000000000e+02,4.159645906832200524e+01
9.150000000000000000e+02,4.925581096721329288e+01
1.567000000000000000e+03,5.128505935044469766e+01
1.816000000000000000e+03,5.236255897949875049e+01
1.489000000000000000e+03,5.154694278017841214e+01
1.286000000000000000e+03,4.890093266712847964e+01
7.420000000000000000e+02,4.741943752683712887e+01
1.852000000000000000e+03,5.191294911718506455e+01
1.288000000000000000e+03,5.369183090237618927e+01
1.134000000000000000e+03,4.834403304816224534e+01
1.798000000000000000e+03,4.994847741950734843e+01
1.317000000000000000e+03,4.886635382764109892e+01
4.450000000000000000e+02,4.625771356806134094e+01
3.360000000000000000e+02,4.687393402065929848e+01
8.800000000000000000e+01,4.179048673423797311e+01
5.080000000000000000e+02,4.760326017448507940e+01
1.703000000000000000e+03,5.314582451353772541e+01
3.760000000000000000e+02,4.856744247189659092e+01
6.210000000000000000e+02,4.692247565303819101e+01
2.780000000000000000e+02,4.498501858615409787e+01
3.040000000000000000e+02,4.715925062381946731e+01
1.543000000000000000e+03,4.934748969138488661e+01
3.020000000000000000e+02,4.637617947506976890e+01
1.653000000000000000e+03,5.223274753753267419e+01
1.798000000000000000e+03,4.998898666045228367e+01
3.610000000000000000e+02,4.656822440534240570e+01
1.637000000000000000e+03,5.022708521244055646e+01
1.563000000000000000e+03,5.098991301031831824e+01
1.594000000000000000e+03,5.226823751704949927e+01
1.069000000000000000e+03,5.222385451643657461e+01
5.590000000000000000e+02,4.561061976390205785e+01
3.300000000000000000e+02,4.651438485616664309e+01
7.660000000000000000e+02,4.959282043481763225e+01
1.791000000000000000e+03,5.290036929062490145e+01
1.200000000000000000e+03,4.948073149541005478e+01
1.730000000000000000e+02,4.289695874343205872e+01
3.550000000000000000e+02,4.742399125095470680e+01
1.659000000000000000e+03,5.100169213337705543e+01
7.420000000000000000e+02,5.012243395974998350e+01
5.790000000000000000e+02,4.787669062242355977e+01
1.106000000000000000e+03,4.935392255680405782e+01
3.210000000000000000e+02,4.394805546460710843e+01
8.580000000000000000e+02,4.696615865535977719e+01
4.520000000000000000e+02,4.417578955605881674e+01
2.520000000000000000e+02,4.350936795414825298e+01
1.363000000000000000e+03,4.887869584806529133e+01
1.331000000000000000e+03,4.877131946859544342e+01
1.051000000000000000e+03,4.958825773352569399e+01
1.470000000000000000e+02,4.304777908217001681e+01
1.724000000000000000e+03,4.845294874959157028e+01
1.336000000000000000e+03,5.156091411190509888e+01
1.117000000000000000e+03,5.217869488047382731e+01
1.607000000000000000e+03,5.231107837288211471e+01
1.211000000000000000e+03,4.904275339829654001e+01
5.650000000000000000e+02,4.836887337194125536e+01
5.100000000000000000e+02,4.939987131007341503e+01
8.060000000000000000e+02,4.740465829729778591e+01
8.020000000000000000e+02,4.903674025689419835e+01
7.730000000000000000e+02,5.034403305470160461e+01
6.830000000000000000e+02,5.172914953170813845e+01
1.416000000000000000e+03,5.144916884484020159e+01
5.150000000000000000e+02,4.694283770830686109e+01
3.200000000000000000e+02,4.739058534605295847e+01
4.840000000000000000e+02,4.597534562836619187e+01
4.270000000000000000e+02,4.831279290187201525e+01
1.691000000000000000e+03,4.985954491181879433e+01
5.800000000000000000e+01,4.039346082473146282e+01
1.510000000000000000e+03,5.348758789860069385e+01
7.400000000000000000e+01,4.039221936196591400e+01
2.890000000000000000e+02,4.609843307788725753e+01
8.850000000000000000e+02,4.938326050956774793e+01
6.830000000000000000e+02,4.795137760349290090e+01
5.440000000000000000e+02,4.885642023079245888e+01
3.710000000000000000e+02,4.495573523804728211e+01
1.604000000000000000e+03,5.104182392143483327e+01
1.832000000000000000e+03,5.086346748705841492e+01
3.440000000000000000e+02,4.547197871138889980e+01
1.597000000000000000e+03,4.611590936939604291e+01
1.165000000000000000e+03,4.950921996829619331e+01
1.203000000000000000e+03,5.192792964763472696e+01
1.365000000000000000e+03,4.965908559468296346e+01
1.140000000000000000e+02,4.044290322161592144e+01
7.110000000000000000e+02,4.915229527794690512e+01
1.052000000000000000e+03,4.907767057838181302e+01
1.311000000000000000e+03,4.972856583418985821e+01
4.000000000000000000e+00,3.607807688543051228e+01
5.300000000000000000e+02,4.550455788491215259e+01
1.716000000000000000e+03,4.916357539714726244e+01
6.520000000000000000e+02,4.615097041776959230e+01
1.820000000000000000e+02,4.441586663567616000e+01
9.300000000000000000e+02,4.926052846672980934e+01
3.880000000000000000e+02,4.716547945373581996e+01
1.267000000000000000e+03,4.879182535694443601e+01
1.038000000000000000e+03,5.086400509777668333e+01
1.266000000000000000e+03,5.039590982687116849e+01
3.520000000000000000e+02,4.588658935270150607e+01
8.980000000000000000e+02,4.814977714947860932e+01
8.000000000000000000e+02,4.656567821592602741e+01
1.645000000000000000e+03,4.908363561190343205e+01
1.834000000000000000e+03,5.369542379576434143e+01
1.140000000000000000e+03,5.125711588853389600e+01
9.200000000000000000e+02,4.742920964353235291e+01
1.635000000000000000e+03,5.008311090286869671e+01
1.044000000000000000e+03,5.045862273282418897e+01
4.930000000000000000e+02,4.648139789003756306e+01
1.770000000000000000e+02,4.450226408102304276e+01
1.794000000000000000e+03,4.840448880793292119e+01
5.870000000000000000e+02,4.648611764483451481e+01
9.090000000000000000e+02,4.756597277124029688e+01
9.500000000000000000e+02,4.718236427439270386e+01
1.500000000000000000e+01,3.783307494899828782e+01
4.990000000000000000e+02,4.636182436309325539e+01
5.680000000000000000e+02,4.846340803715352052e+01
4.200000000000000000e+02,4.603644731479032970e+01
1.044000000000000000e+03,5.097769830125404411e+01
1.770000000000000000e+03,4.959051796426278003e+01
6.930000000000000000e+02,4.751018048070221766e+01
1.662000000000000000e+03,5.082845600591537050e+01
1.790000000000000000e+02,4.413346780962965710e+01
4.890000000000000000e+02,4.416206985229134574e+01
1.205000000000000000e+03,5.221255320043364634e+01
6.570000000000000000e+02,4.851243152788189406e+01
1.013000000000000000e+03,4.994741537504114604e+01
1.326000000000000000e+03,5.069999910413976352e+01
1.006000000000000000e+03,4.835989224455251900e+01
8.750000000000000000e+02,4.916234249726667116e+01
1.596000000000000000e+03,5.130836839546071104e+01
4.870000000000000000e+02,4.720063830231357827e+01
1.790000000000000000e+02,4.232916116055685052e+01
1.452000000000000000e+03,5.053634118855451618e+01
4.770000000000000000e+02,4.872138433795576162e+01
1.463000000000000000e+03,5.046149086862261157e+01
9.210000000000000000e+02,4.895791471557196672e+01
5.170000000000000000e+02,4.778135913922975675e+01
5.610000000000000000e+02,4.689249166777552347e+01
7.770000000000000000e+02,5.064042111420966563e+01
3.800000000000000000e+01,3.872143484774503008e+01
1.491000000000000000e+03,4.963909830791398292e+01
1.386000000000000000e+03,4.969718102587354025e+01
1.688000000000000000e+03,4.766786536988027478e+01
7.140000000000000000e+02,4.895900141242041315e+01
1.698000000000000000e+03,4.804114383308919400e+01
1.371000000000000000e+03,4.964117641453989194e+01
2.330000000000000000e+02,4.474602757487965476e+01
1.010000000000000000e+03,4.946389283063276565e+01
6.900000000000000000e+02,4.817308099764866114e+01
6.430000000000000000e+02,5.052698263925021394e+01
1.051000000000000000e+03,4.958528346334162507e+01
1.342000000000000000e+03,5.143139983872114129e+01
3.400000000000000000e+02,4.539582547495631815e+01
5.860000000000000000e+02,4.665599430225473299e+01
1.240000000000000000e+03,5.144666524010713005e+01
5.340000000000000000e+02,4.651584082654025565e+01
1.646000000000000000e+03,4.913189779435683135e+01
8.550000000000000000e+02,4.775455762293951523e+01
5.000000000000000000e+00,3.361625729807721541e+01
1.403000000000000000e+03,5.083160892022822708e+01
4.700000000000000000e+01,3.674741630518123969e+01
1.549000000000000000e+03,5.106822839956834059e+01
4.870000000000000000e+02,4.670692293027632758e+01
9.340000000000000000e+02,4.673038290632081981e+01
1.721000000000000000e+03,4.951124026449512172e+01
1.464000000000000000e+03,5.044931723261947099e+01
1.531000000000000000e+03,5.266682472493825173e+01
8.510000000000000000e+02,4.792941383177257819e+01
4.400000000000000000e+02,4.251283480679629889e+01
1.714000000000000000e+03,4.941221345564207468e+01
4.520000000000000000e+02,4.594611139104495123e+01
1.517000000000000000e+03,4.971422098389466271e+01
2.600000000000000000e+01,3.866136127152444146e+01
1.811000000000000000e+03,4.967528495210211759e+01
4.300000000000000000e+02,4.808715544922372231e+01
7.010000000000000000e+02,4.901169679513432698e+01
1.534000000000000000e+03,4.902961087345908453e+01
1.200000000000000000e+03,4.811954226174573535e+01
3.710000000000000000e+02,4.918837552291452653e+01
6.830000000000000000e+02,5.096479390576530477e+01
8.850000000000000000e+02,4.977644721436540465e+01
1.803000000000000000e+03,5.090374709483899807e+01
1.688000000000000000e+03,4.999769268354246066e+01
4.390000000000000000e+02,4.756634172099493441e+01
9.030000000000000000e+02,4.787014882195068566e+01
1.841000000000000000e+03,5.186904039413315814e+01
2.300000000000000000e+01,3.687490312755696209e+01
2.870000000000000000e+02,4.419157694270843706e+01
1.552000000000000000e+03,5.290514434738558691e+01
7.960000000000000000e+02,4.924887032616558002e+01
2.230000000000000000e+02,4.629280724138589420e+01
1.333000000000000000e+03,4.903862122807605317e+01
1.043000000000000000e+03,4.981703800509323798e+01
6.230000000000000000e+02,4.463485399213053029e+01
1.940000000000000000e+02,4.206402107204973362e+01
2.930000000000000000e+02,4.697106212218169219e+01
1.860000000000000000e+02,4.303181152368776452e+01
4.230000000000000000e+02,4.766623092052272881e+01
1.045000000000000000e+03,5.118280696739669366e+01
3.190000000000000000e+02,4.504292008543893644e+01
2.500000000000000000e+02,4.506881691037581561e+01
1.476000000000000000e+03,4.811129979362954856e+01
5.170000000000000000e+02,4.585700163195414092e+01
6.030000000000000000e+02,4.937683270748809150e+01
4.460000000000000000e+02,4.537300055311786906e+01
6.040000000000000000e+02,4.784123925303594405e+01
1.137000000000000000e+03,4.968634980388654299e+01
1.950000000000000000e+02,4.628071706430921495e+01
5.830000000000000000e+02,4.850572913948766995e+01
1.537000000000000000e+03,5.088984672745717575e+01
2.690000000000000000e+02,4.670674540611174308e+01
1.294000000000000000e+03,4.950728369397051409e+01
1.779000000000000000e+03,5.132731397259770745e+01
1.432000000000000000e+03,5.145648992692414936e+01
5.710000000000000000e+02,4.547987116821328613e+01
1.850000000000000000e+02,4.401183747708789440e+01
1.140000000000000000e+03,5.100002807939780780e+01
2.640000000000000000e+02,4.600410989120754834e+01
3.030000000000000000e+02,4.500966929620058465e+01
8.900000000000000000e+01,3.970648956413014474e+01
1.454000000000000000e+03,4.911029263703285608e+01
1.203000000000000000e+03,5.253234855309126772e+01
2.330000000000000000e+02,4.557550021965849396e+01
1.133000000000000000e+03,4.849242403358618247e+01
7.590000000000000000e+02,4.675328552424080897e+01
2.160000000000000000e+02,4.202392869541425569e+01
1.779000000000000000e+03,5.012487841278336731e+01
1.518000000000000000e+03,4.986652722288211237e+01
7.620000000000000000e+02,5.077396695249220215e+01
1.446000000000000000e+03,5.326702957496494406e+01
1.051000000000000000e+03,4.970895660977032549e+01
1.322000000000000000e+03,4.962164587729997578e+01
3.100000000000000000e+02,4.448769558339885322e+01
4.490000000000000000e+02,4.677376839076053017e+01
3.500000000000000000e+01,3.592712596633839439e+01
1.789000000000000000e+03,4.970099873484316788e+01
1.266000000000000000e+03,4.988951217177986308e+01
4.990000000000000000e+02,4.693502468709193209e+01
1.060000000000000000e+02,4.097728885296857726e+01
1.352000000000000000e+03,5.106220692312256659e+01
2.820000000000000000e+02,4.388012027155431127e+01
1.070000000000000000e+03,4.903198406629556416e+01
1.610000000000000000e+03,4.830743185294807773e+01
5.620000000000000000e+02,4.663869001188429309e+01
1.780000000000000000e+02,4.545971477266080285e+01
6.690000000000000000e+02,4.762745387584926249e+01
6.410000000000000000e+02,4.820784195100397795e+01
1.543000000000000000e+03,5.253180167781350463e+01
1.444000000000000000e+03,5.060703151603681249e+01
1.320000000000000000e+02,4.162457337980991667e+01
1.754000000000000000e+03,4.748627408912087589e+01
1.667000000000000000e+03,4.924250915827912678e+01
7.510000000000000000e+02,4.811181455051679023e+01
9.950000000000000000e+02,4.879032500027440733e+01
5.730000000000000000e+02,4.825019768504689210e+01
1.164000000000000000e+03,4.761144653944515426e+01
2.690000000000000000e+02,4.495820139550934158e+01
9.090000000000000000e+02,4.987823404735103594e+01
1.811000000000000000e+03,5.174567471598179225e+01
7.100000000000000000e+02,4.879299458952076662e+01
1.429000000000000000e+03,5.167863084435590793e+01
8.730000000000000000e+02,4.840787170967185205e+01
1.580000000000000000e+02,4.165373523212873152e+01
1.630000000000000000e+02,4.111569823147195990e+01
1.163000000000000000e+03,5.010513857212353628e+01
1.725000000000000000e+03,4.979337710634029435e+01
1.660000000000000000e+02,4.377865635744357320e+01
1.764000000000000000e+03,4.893792898759891585e+01
1.318000000000000000e+03,4.976777848247965608e+01
7.830000000000000000e+02,4.893030341318678467e+01
7.900000000000000000e+01,4.155591458717093190e+01
6.220000000000000000e+02,4.855332596137328949e+01
1.174000000000000000e+03,5.104130423471917766e+01
1.248000000000000000e+03,5.217159757029602218e+01
1.152000000000000000e+03,5.134079083009163469e+01
9.900000000000000000e+02,4.823455517113521296e+01
8.820000000000000000e+02,5.066390183028059369e+01
7.450000000000000000e+02,4.743050483124245886e+01
1.020000000000000000e+02,3.968065185072403978e+01
6.040000000000000000e+02,4.659697917738529327e+01
4.090000000000000000e+02,4.617084405750863851e+01
4.630000000000000000e+02,4.598106064515594937e+01
2.690000000000000000e+02,4.341214158749578189e+01
1.358000000000000000e+03,4.883009851501923038e+01
1.102000000000000000e+03,4.898738621959600437e+01
3.330000000000000000e+02,4.793651085663659472e+01
1.191000000000000000e+03,4.866639816485767511e+01
1.000000000000000000e+01,3.472555645554427173e+01
1.262000000000000000e+03,5.142512865621736751e+01
6.100000000000000000e+01,3.884391269673740510e+01
1.515000000000000000e+03,5.021951138564536876e+01
3.470000000000000000e+02,4.436715556595745369e+01
2.510000000000000000e+02,4.581329844184429589e+01
1.727000000000000000e+03,5.195662803186571210e+01
5.690000000000000000e+02,4.777984668308921101e+01
1.540000000000000000e+03,5.012798698492995442e+01
1.678000000000000000e+03,5.143744126670534200e+01
6.220000000000000000e+02,4.714118570571455535e+01
1.817000000000000000e+03,5.219685456961361325e+01
1.577000000000000000e+03,5.062765656583602691e+01
5.460000000000000000e+02,4.851210038533624669e+01
3.670000000000000000e+02,4.869089642319769951e+01
1.377000000000000000e+03,5.054419886043463350e+01
3.160000000000000000e+02,4.247375925771423510e+01
3.860000000000000000e+02,4.800694730218689443e+01
1.026000000000000000e+03,4.966350402051500623e+01
3.710000000000000000e+02,4.386072629426956127e+01
1.670000000000000000e+03,5.214460760327673938e+01
2.260000000000000000e+02,4.224456717973073694e+01
1.169000000000000000e+03,5.186827251342826628e+01
4.010000000000000000e+02,4.439516508479181311e+01
1.599000000000000000e+03,4.951756983804784085e+01
1.691000000000000000e+03,5.165418598648722792e+01
7.500000000000000000e+01,3.949643152598151374e+01
1.551000000000000000e+03,5.272986579923870920e+01
8.640000000000000000e+02,4.932322030017920156e+01
8.400000000000000000e+01,3.968502697556510128e+01
1.230000000000000000e+02,4.147327885736216757e+01
1.848000000000000000e+03,5.065314410787036792e+01
1.283000000000000000e+03,5.190353661691788290e+01
1.230000000000000000e+03,4.990299077916934323e+01
3.220000000000000000e+02,4.618071660111726828e+01
6.250000000000000000e+02,4.731690391104165627e+01
8.310000000000000000e+02,4.788535611851030183e+01
1.308000000000000000e+03,4.973940520206350868e+01
1.002000000000000000e+03,4.754666793365070276e+01
7.550000000000000000e+02,4.963412718470208773e+01
3.580000000000000000e+02,4.833488915909056516e+01
1.753000000000000000e+03,4.922051688924624813e+01
1.231000000000000000e+03,4.614059351997331504e+01
1.960000000000000000e+02,4.456307410065831220e+01
8.850000000000000000e+02,4.921856176388151738e+01
1.355000000000000000e+03,4.836887011266750847e+01
1.757000000000000000e+03,4.945311462196006858e+01
3.400000000000000000e+02,4.379213284508338688e+01
1.629000000000000000e+03,5.124293412331288522e+01
1.060000000000000000e+02,4.181036244441948924e+01
1.033000000000000000e+03,4.865876637237521862e+01
1.451000000000000000e+03,4.973527057112193006e+01
3.930000000000000000e+02,5.075133655066822058e+01
3.960000000000000000e+02,4.648013883869757024e+01
9.140000000000000000e+02,4.863644603902717023e+01
1.684000000000000000e+03,5.199545812095497155e+01
9.210000000000000000e+02,4.653694026469521816e+01
1.520000000000000000e+02,4.184291672198894219e+01
5.750000000000000000e+02,4.936830178219561560e+01
1.004000000000000000e+03,5.002075254371172264e+01
1.407000000000000000e+03,5.052632845237728532e+01
1.638000000000000000e+03,4.878492716394673323e+01
4.050000000000000000e+02,4.738073405625822687e+01
1.507000000000000000e+03,4.909024211336915045e+01
4.600000000000000000e+02,4.831553022874251013e+01
7.390000000000000000e+02,4.630832261960630092e+01
1.158000000000000000e+03,5.183052562281646658e+01
1.570000000000000000e+03,5.035516666887407666e+01
1.603000000000000000e+03,5.268207588968975585e+01
8.350000000000000000e+02,5.074608834726436157e+01
5.100000000000000000e+01,3.817082655442764150e+01
8.130000000000000000e+02,4.835130511676313603e+01
1.577000000000000000e+03,5.286132385973976255e+01
3.490000000000000000e+02,4.708790877074465442e+01
4.860000000000000000e+02,4.737543783428688471e+01
5.200000000000000000e+02,4.684194978206375026e+01
1.044000000000000000e+03,4.746477323273734328e+01
6.100000000000000000e+02,4.611226079043765935e+01
1.115000000000000000e+03,5.104642233090704906e+01
1.680000000000000000e+02,4.207790476599589624e+01
6.030000000000000000e+02,4.900047212852030754e+01
2.220000000000000000e+02,4.618501839571538170e+01
8.160000000000000000e+02,4.996552067654751283e+01
2.410000000000000000e+02,4.269270264426823758e+01
1.245000000000000000e+03,4.728693043658887518e+01
1.387000000000000000e+03,4.967421529347792131e+01
3.490000000000000000e+02,4.587518391005914964e+01
9.590000000000000000e+02,5.067609188464507497e+01
2.130000000000000000e+02,4.359388663392989827e+01
9.580000000000000000e+02,4.804615804353333175e+01
1.301000000000000000e+03,5.177230656136613618e+01
7.000000000000000000e+02,4.811617761042780472e+01
5.200000000000000000e+01,3.770021201635702823e+01
5.980000000000000000e+02,4.744456386335977527e+01
1.828000000000000000e+03,5.012891014904234055e+01
6.980000000000000000e+02,4.886251754294083582e+01
8.000000000000000000e+02,4.687990054497091563e+01
1.576000000000000000e+03,5.305370920711671801e+01
5.270000000000000000e+02,4.973304071106045399e+01
1.012000000000000000e+03,4.909975940037751485e+01
5.880000000000000000e+02,4.777121393578418918e+01
2.640000000000000000e+02,4.336641352927910020e+01
1.743000000000000000e+03,4.870775219747198292e+01
1.338000000000000000e+03,5.022157415719729556e+01
1.920000000000000000e+02,4.324899083728418958e+01
2.460000000000000000e+02,4.647606005348779235e+01
6.900000000000000000e+01,3.953502298857569741e+01
9.340000000000000000e+02,4.988715632110156406e+01
1.690000000000000000e+02,4.173079414826349165e+01
3.260000000000000000e+02,4.572568486155992673e+01
8.020000000000000000e+02,4.971411940514927608e+01
1.420000000000000000e+02,3.983046251310358343e+01
7.500000000000000000e+01,3.924469936039267992e+01
1.110000000000000000e+02,4.127553056659960617e+01
6.980000000000000000e+02,4.789555657512931219e+01
4.490000000000000000e+02,4.595907971095311240e+01
3.490000000000000000e+02,4.468021884842683988e+01
6.490000000000000000e+02,4.756350918096359237e+01
8.070000000000000000e+02,4.703246088809414260e+01
1.051000000000000000e+03,4.789502090891377151e+01
2.550000000000000000e+02,4.414120961856281866e+01
7.040000000000000000e+02,4.792693513028763874e+01
2.120000000000000000e+02,4.640821767033779821e+01
1.832000000000000000e+03,5.204140490756755355e+01
3.620000000000000000e+02,4.643777334628435938e+01
1.562000000000000000e+03,5.182281764118700096e+01
3.890000000000000000e+02,4.635300271651780690e+01
1.726000000000000000e+03,4.814580602980723256e+01
1.261000000000000000e+03,5.087981592641594375e+01
4.990000000000000000e+02,4.963892662697156766e+01
1.816000000000000000e+03,4.793623968660900658e+01
1.352000000000000000e+03,4.926425327768502882e+01
1.128000000000000000e+03,4.770251467562117398e+01
3.980000000000000000e+02,4.501677790777522858e+01
1.460000000000000000e+02,4.251096900057562777e+01
4.360000000000000000e+02,4.971443023107001835e+01
1.020000000000000000e+02,4.022132506744506486e+01
2.600000000000000000e+01,3.600280077398164025e+01
2.800000000000000000e+02,4.464474242452808284e+01
1.771000000000000000e+03,5.142237811390106117e+01
3.050000000000000000e+02,4.614627789585632200e+01
7.920000000000000000e+02,4.796779513239043524e+01
4.970000000000000000e+02,4.670213800872799226e+01
1.653000000000000000e+03,5.068471384473981800e+01
1.562000000000000000e+03,5.035863095793268940e+01
1.054000000000000000e+03,5.015621530046400522e+01
1.262000000000000000e+03,5.103641462830241693e+01
8.810000000000000000e+02,4.703226952483421996e+01
7.530000000000000000e+02,4.849780815911408638e+01
1.295000000000000000e+03,4.921323388372314156e+01
1.234000000000000000e+03,4.901776618691476273e+01
7.200000000000000000e+01,3.775755315666839351e+01
1.750000000000000000e+02,4.562175982984268785e+01
3.730000000000000000e+02,4.805831306629203681e+01
8.320000000000000000e+02,4.825109470748483886e+01
2.650000000000000000e+02,4.484813305305468134e+01
1.159000000000000000e+03,4.974422913326952767e+01
8.010000000000000000e+02,4.838908892474882606e+01
1.550000000000000000e+02,4.095806659921313297e+01
7.740000000000000000e+02,4.912751297902771341e+01
5.910000000000000000e+02,4.635824690605238629e+01
1.930000000000000000e+02,4.592901616521922392e+01
4.000000000000000000e+02,4.828953807031242462e+01
1.800000000000000000e+01,3.625565926624258140e+01
1.137000000000000000e+03,4.991900218123291211e+01
1.553000000000000000e+03,4.900232532011523290e+01
4.240000000000000000e+02,4.858206497765489473e+01
3.260000000000000000e+02,4.562767148718717181e+01
2.830000000000000000e+02,4.548329328971305330e+01
1.367000000000000000e+03,5.090166702819551148e+01
1.566000000000000000e+03,4.906602680098522740e+01
1.032000000000000000e+03,5.357260132874268521e+01
1.331000000000000000e+03,4.880372785272862757e+01
2.520000000000000000e+02,4.439531297867689830e+01
1.808000000000000000e+03,5.083216828745300120e+01
1.751000000000000000e+03,5.039051735330470905e+01
2.400000000000000000e+02,4.327953070681292758e+01
4.400000000000000000e+02,4.809215232987540389e+01
1.582000000000000000e+03,5.002432707737739292e+01
1.174000000000000000e+03,5.063322628870654540e+01
3.270000000000000000e+02,4.609265778586056683e+01
5.910000000000000000e+02,4.793782360297940670e+01
1.212000000000000000e+03,5.005670045335386931e+01
7.680000000000000000e+02,4.992353609653113722e+01
9.700000000000000000e+02,4.989241900265724183e+01
9.300000000000000000e+02,5.012076567523100579e+01
9.050000000000000000e+02,4.860021230028520023e+01
1.780000000000000000e+02,4.362372857958403927e+01
1.260000000000000000e+03,5.068880881123212134e+01
4.870000000000000000e+02,4.930574324030319389e+01
5.490000000000000000e+02,4.544372149145193873e+01
9.270000000000000000e+02,5.002845468265264373e+01
6.160000000000000000e+02,4.563111776742396586e+01
3.680000000000000000e+02,4.616961561517597090e+01
1.362000000000000000e+03,4.807121502993950912e+01
1.593000000000000000e+03,4.956572957818109870e+01
7.460000000000000000e+02,4.879337782129289991e+01
5.200000000000000000e+02,4.635737867690335889e+01
1.049000000000000000e+03,4.990729359151435318e+01
3.550000000000000000e+02,4.610377647575675297e+01
5.270000000000000000e+02,4.746563746353684365e+01
8.340000000000000000e+02,4.910122663645258712e+01
1.364000000000000000e+03,4.757713804985235839e+01
2.900000000000000000e+02,4.315890922652758377e+01
9.690000000000000000e+02,5.018304116627174949e+01
7.400000000000000000e+02,4.644044317345008466e+01
1.585000000000000000e+03,4.960616506708632301e+01
1.097000000000000000e+03,5.005906519449244740e+01
1.325000000000000000e+03,4.849722760409506606e+01
9.340000000000000000e+02,4.905504273707012430e+01
8.030000000000000000e+02,4.969234130743831912e+01
6.030000000000000000e+02,4.530395497856331133e+01
4.370000000000000000e+02,4.556877364646933870e+01
1.495000000000000000e+03,5.128409207315390717e+01
1.817000000000000000e+03,5.270233971313344057e+01
3.120000000000000000e+02,4.518223538869826683e+01
1.480000000000000000e+03,5.027295628607455313e+01
4.750000000000000000e+02,4.765975966321465762e+01
2.980000000000000000e+02,4.501352069117748300e+01
9.220000000000000000e+02,4.977982039293085137e+01
8.040000000000000000e+02,5.062430014365874342e+01
1.736000000000000000e+03,5.007119706320808206e+01
1.182000000000000000e+03,5.228492607907081435e+01
1.327000000000000000e+03,5.088367099604785437e+01
1.403000000000000000e+03,5.124883759698778363e+01
2.440000000000000000e+02,4.411328605734918540e+01
5.170000000000000000e+02,5.039299260134945513e+01
5.480000000000000000e+02,4.627916640232002976e+01
1.685000000000000000e+03,4.917895297113656738e+01
1.520000000000000000e+03,5.014459226778930656e+01
1.792000000000000000e+03,5.175114781700683153e+01
1.082000000000000000e+03,4.659779881826682413e+01
1.488000000000000000e+03,5.058214110600639657e+01
1.339000000000000000e+03,4.966489119988698064e+01
6.500000000000000000e+01,3.882900276290128971e+01
9.210000000000000000e+02,4.904652039401294417e+01
1.113000000000000000e+03,5.040620926453321005e+01
5.510000000000000000e+02,4.765383702078766248e+01
1.568000000000000000e+03,5.329274642580089960e+01
1.500000000000000000e+03,4.944632958178532078e+01
1.344000000000000000e+03,5.079818825454687925e+01
1.486000000000000000e+03,5.199657474527541723e+01
1.687000000000000000e+03,5.013596196678594907e+01
1.804000000000000000e+03,5.169554092030557513e+01
1.070000000000000000e+02,4.099945108313995945e+01
4.280000000000000000e+02,4.973441456243978109e+01
9.930000000000000000e+02,4.930835538765229131e+01
1.586000000000000000e+03,4.933858482700978954e+01
2.620000000000000000e+02,4.619227930370573176e+01
6.670000000000000000e+02,4.600588679009221238e+01
7.700000000000000000e+02,4.810436955438053275e+01
6.930000000000000000e+02,4.523428837915932377e+01
2.680000000000000000e+02,4.642370661024872902e+01
1.680000000000000000e+02,4.283914337744217704e+01
1.223000000000000000e+03,5.123002817326239722e+01
6.740000000000000000e+02,4.770550878057564859e+01
1.289000000000000000e+03,5.126339036982241026e+01
1.438000000000000000e+03,4.684792923822736554e+01
1.796000000000000000e+03,5.083124888054865664e+01
2.450000000000000000e+02,4.316914157856724188e+01
5.700000000000000000e+01,3.809489451082298217e+01
1.150000000000000000e+02,4.159061220764053246e+01
5.840000000000000000e+02,4.741721047392351807e+01
1.848000000000000000e+03,5.258619660592334100e+01
1.641000000000000000e+03,5.395111580322362954e+01
5.840000000000000000e+02,4.758506492367254026e+01
5.630000000000000000e+02,4.762967464571917731e+01
1.520000000000000000e+02,4.125136871447210751e+01
8.290000000000000000e+02,5.009700285515965135e+01
7.080000000000000000e+02,4.727643213281078971e+01
1.673000000000000000e+03,4.910699487106845140e+01
9.320000000000000000e+02,4.932619830126628813e+01
4.970000000000000000e+02,4.807621035450410574e+01
1.160000000000000000e+02,4.293406976533826480e+01
7.750000000000000000e+02,4.813079615720423021e+01
1.380000000000000000e+03,5.142157008069277424e+01
2.100000000000000000e+02,4.392908408891923955e+01
1.759000000000000000e+03,5.230657630043059214e+01
9.970000000000000000e+02,4.995881095339633760e+01
6.810000000000000000e+02,5.021777458646688785e+01
7.900000000000000000e+01,3.769923406676524280e+01
1.528000000000000000e+03,4.811635937715125522e+01
3.510000000000000000e+02,4.634869979296835396e+01
7.840000000000000000e+02,4.951077689944318649e+01
4.930000000000000000e+02,4.749583459322059298e+01
7.610000000000000000e+02,4.665865929389494227e+01
1.379000000000000000e+03,4.966813037287437282e+01
1.206000000000000000e+03,5.050602878429822340e+01
7.850000000000000000e+02,4.863627845932655447e+01
6.750000000000000000e+02,4.737454730802016201e+01
2.500000000000000000e+01,3.581499974414326459e+01
1.166000000000000000e+03,4.954438157886580996e+01
9.770000000000000000e+02,5.016580291042468787e+01
1.634000000000000000e+03,5.047986683557085286e+01
1.325000000000000000e+03,4.772876008768314193e+01
1.500000000000000000e+01,3.653033546763430905e+01
2.220000000000000000e+02,4.289270691735775642e+01
1.058000000000000000e+03,4.851010015572159517e+01
9.930000000000000000e+02,5.094500450077119069e+01
1.357000000000000000e+03,4.936082156615182015e+01
1.277000000000000000e+03,4.900258454386455043e+01
7.940000000000000000e+02,4.851385069207367451e+01
9.260000000000000000e+02,4.881328111310935469e+01
1.211000000000000000e+03,4.971427505448505002e+01
4.780000000000000000e+02,4.695611293907995787e+01
1.709000000000000000e+03,4.967471066091977150e+01
5.500000000000000000e+01,3.886330459441527552e+01
1.008000000000000000e+03,4.892460350398845748e+01
2.900000000000000000e+01,3.594769304429973289e+01
2.890000000000000000e+02,4.504159947439399048e+01
1.135000000000000000e+03,4.911428708920068686e+01
2.050000000000000000e+02,4.393039663201997058e+01
2.950000000000000000e+02,4.580925157987384466e+01
1.730000000000000000e+02,4.241448373577315323e+01
2.760000000000000000e+02,4.362639823754368962e+01
1.386000000000000000e+03,4.984215824291896979e+01
9.050000000000000000e+02,4.873377971485430038e+01
1.718000000000000000e+03,5.078669688709249641e+01
6.050000000000000000e+02,4.708509052105824821e+01
1.353000000000000000e+03,5.003443367500394601e+01
3.970000000000000000e+02,4.666434017526299982e+01
5.260000000000000000e+02,4.807261580403227441e+01
4.840000000000000000e+02,4.758397853157264734e+01
8.140000000000000000e+02,4.790598657929344029e+01
5.140000000000000000e+02,4.890314487279726308e+01
2.230000000000000000e+02,4.463219789017330896e+01
1.248000000000000000e+03,5.152427137087761366e+01
1.785000000000000000e+03,4.902018179039997392e+01
1.448000000000000000e+03,5.251240607693160456e+01
8.690000000000000000e+02,4.937426387228318703e+01
5.200000000000000000e+02,4.732899497713969339e+01
2.650000000000000000e+02,4.457886548078757727e+01
8.530000000000000000e+02,4.975224716099454980e+01
1.131000000000000000e+03,4.999731168340844789e+01
4.040000000000000000e+02,4.907025186484685975e+01
3.630000000000000000e+02,4.563527046653108954e+01
1.359000000000000000e+03,5.022800459208340840e+01
1.594000000000000000e+03,5.276292559634333657e+01
4.170000000000000000e+02,4.776117041361473525e+01
1.307000000000000000e+03,5.006512205393647719e+01
1.498000000000000000e+03,5.082495596081722766e+01
6.010000000000000000e+02,4.572881438653217856e+01
1.223000000000000000e+03,5.306199363894533860e+01
1.146000000000000000e+03,5.017555827174296468e+01
1.367000000000000000e+03,4.987025494139496118e+01
3.160000000000000000e+02,4.628178170039122818e+01
1.711000000000000000e+03,5.000334313327974201e+01
1.113000000000000000e+03,5.149481781832221827e+01
4.200000000000000000e+02,4.428295885536983434e+01
1.399000000000000000e+03,4.788673180047290145e+01
8.010000000000000000e+02,4.958538816888140843e+01
7.160000000000000000e+02,4.910128282369258557e+01
8.170000000000000000e+02,4.838075058368561088e+01
3.620000000000000000e+02,4.604341360082280232e+01
1.572000000000000000e+03,5.018967659530462555e+01
1.178000000000000000e+03,4.977781293111031857e+01
3.800000000000000000e+01,3.635974953262540765e+01
1.584000000000000000e+03,5.058987180203859424e+01
1.141000000000000000e+03,4.983129464533737263e+01
1.656000000000000000e+03,4.967874760005176427e+01
1.362000000000000000e+03,5.051927257154216022e+01
1.133000000000000000e+03,4.844982625945849009e+01
1.172000000000000000e+03,4.871698594923374515e+01
6.600000000000000000e+02,4.925920900341061071e+01
3.750000000000000000e+02,4.320333636681096579e+01
1.560000000000000000e+02,4.134507770011316552e+01
4.500000000000000000e+02,4.695054868547693872e+01
3.480000000000000000e+02,4.459482333994521497e+01